{"name":"cfeea98f-69cf-4cea-8649-03f789236496","id":"/providers/Microsoft.Flow/flows/cfeea98f-69cf-4cea-8649-03f789236496","type":"Microsoft.Flow/flows","properties":{"apiId":"/providers/Microsoft.PowerApps/apis/shared_logicflows","displayName":"When a group member is added or removed -> Get user profile (V2),Se...","definition":{"metadata":{"workflowEntityId":null,"flowclientsuspensionreason":"None","flowclientsuspensiontime":null,"creator":{"id":"a38966a5-c772-4f56-910d-f9b2e46920b1","type":"User","tenantId":"3f86d1b4-2c6b-4b1a-b2ae-6f5e950bca1e"},"provisioningMethod":"FromDefinition","failureAlertSubscription":true,"clientLastModifiedTime":"2020-11-26T12:20:59.050135Z","processAdvisorMetadata":null},"$schema":"https://schema.management.azure.com/providers/Microsoft.Logic/schemas/2016-06-01/workflowdefinition.json#","contentVersion":"1.0.0.0","parameters":{"$connections":{"defaultValue":{},"type":"Object"},"$authentication":{"defaultValue":{},"type":"SecureObject"}},"triggers":{"When_a_group_member_is_added_or_removed":{"recurrence":{"frequency":"Minute","interval":3},"splitOn":"@triggerOutputs()?['body']","type":"OpenApiConnection","inputs":{"host":{"apiId":"/providers/Microsoft.PowerApps/apis/shared_office365groups","connectionName":"shared_office365groups","operationId":"OnGroupMembershipChange"},"parameters":{"groupId":"f7ca5629-2159-46ad-baff-78e9540cdad2"},"authentication":"@parameters('$authentication')"}}},"actions":{"Get_user_profile_(V2)":{"runAfter":{},"type":"OpenApiConnection","inputs":{"host":{"apiId":"/providers/Microsoft.PowerApps/apis/shared_office365users","connectionName":"shared_office365users","operationId":"UserProfile_V2"},"parameters":{"id":"@triggerOutputs()?['body/id']"},"authentication":"@parameters('$authentication')"}},"Send_an_email_notification_(V3)":{"runAfter":{"Get_user_profile_(V2)":["Succeeded"]},"type":"OpenApiConnection","inputs":{"host":{"apiId":"/providers/Microsoft.PowerApps/apis/shared_sendmail","connectionName":"shared_sendmail","operationId":"SendEmailV3"},"parameters":{"request/to":"@{outputs('Get_user_profile_(V2)')?['body/mail']};","request/subject":"Welcome to NORCAP Deployment Documents","request/text":"<p>Dear Colleague,<br>\n<br>\nYou have been added to NORCAP Deployment Documents Site - a document workspace supporting NRC People to share relevant documents for your NORCAP onboarding as well as during your deployment.<br>\n<br>\nNavigate to the site using the direct link:<br>\n<a href=\"https://norwegianrefugeecouncil.sharepoint.com/sites/norcap-ho-deployment-documents\"><span style=\"color: rgb(41,105,176)\">https://norwegianrefugeecouncil.sharepoint.com/sites/norcap-ho-deployment-documents</span></a><span style=\"color: rgb(41,105,176)\"><br>\n<br>\n</span><span style=\"color: rgb(40,50,78)\"><strong>JobBoard Announcements</strong></span><span style=\"color: rgb(40,50,78)\"><strong><br>\n</strong></span>- New assignments will be advertised in the NRC People Internal Job Board which is easily accessed via the main menu in NRC People. &nbsp;<strong><br>\n</strong>- It is important that you have access to the Office365 Group as most of the supporting documents to the Job Board will be stored there.<br>\n<br>\n<span style=\"color: rgb(40,50,78)\"><strong>Reading Materials and Supporting Resources</strong></span><span style=\"color: rgb(40,50,78)\"></span><br>\n- We will share the range of resources relevant to NORCAP Expert Deployments as well as reading materials related to job assignments.<br>\n- Make sure to bookmark the site for future reference!<br>\n<br>\nBest Regards<br>\nNORCAP Department</p>"},"authentication":"@parameters('$authentication')"}}}},"connectionReferences":{"shared_office365users":{"connectionName":"shared-office365user-c4c69bf0-22c7-44eb-a6e6-d128-ddd480ac","source":"Embedded","id":"/providers/Microsoft.PowerApps/apis/shared_office365users","tier":"NotSpecified"},"shared_sendmail":{"connectionName":"shared-sendmail-28883765-7291-4adf-a0eb-7e4a-6968f4a0","source":"Embedded","id":"/providers/Microsoft.PowerApps/apis/shared_sendmail","tier":"NotSpecified"},"shared_office365groups":{"connectionName":"shared-office365grou-25969f1b-9e7b-4cdc-a150-47b6-6cf0e55c","source":"Embedded","id":"/providers/Microsoft.PowerApps/apis/shared_office365groups","tier":"NotSpecified"}},"flowFailureAlertSubscribed":false,"isManaged":false}}